accuracy,precision_macro,recall_macro,f1_macro,f1_weighted
0.2,0.04,0.2,0.06666666666666667,0.06666666666666667
