accuracy,precision_macro,recall_macro,f1_macro,f1_weighted
0.92275,0.9281107031696649,0.92275,0.9216807474769123,0.9216807474769122
