accuracy,precision_macro,recall_macro,f1_macro,f1_weighted
0.91333,0.9223383659855566,0.91333,0.9109856785559757,0.9109856785559756
