Class,Precision,Recall,F1 Score,ROC AUC
Recon,0.2,1.0,0.3333333333333333,0.5
Exploitation,0.0,0.0,0.0,0.6244962949999999
C&C,0.0,0.0,0.0,0.3834637862500001
Attack,0.0,0.0,0.0,0.8710610112500002
Benign,0.0,0.0,0.0,0.8511835537499999
