Class,Precision,Recall,F1 Score,ROC AUC
Recon,0.2,1.0,0.3333333333333333,0.5
Exploitation,0.0,0.0,0.0,0.61995481125
C&C,0.0,0.0,0.0,0.3885995325000001
Attack,0.0,0.0,0.0,0.86668395875
Benign,0.0,0.0,0.0,0.84882690125
