Class,Precision,Recall,F1 Score,ROC AUC
Recon,0.9998997594226142,0.9975,0.9986984381257509,0.9999943637499998
Exploitation,0.7413246712090001,0.9357,0.8272478118645566,0.9679033625
C&C,0.9105622994279335,0.6526,0.760295916584144,0.9645119
Attack,0.9817234941534834,0.9991,0.9903355305545919,0.9998344862499999
Benign,0.9797176377013322,0.9854,0.9825506032505733,0.99970317375
