Class,Precision,Recall,F1 Score,ROC AUC
Recon,0.9998997594226142,0.9975,0.9986984381257509,0.999996085
Exploitation,0.7418262034192075,0.9416,0.8298594280174503,0.9672158075000001
C&C,0.9164428106885338,0.6482,0.7593275932759328,0.96355822875
Attack,0.9831692913385827,0.9989,0.9909722222222223,0.9998408424999999
Benign,0.9782135076252724,0.9878,0.9829833814309882,0.9996406862499999
