Class,Precision,Recall,F1 Score,ROC AUC
Recon,0.2016144910415436,0.2048,0.20319476138505804,0.5004692425
Exploitation,0.19979623025980642,0.1961,0.19793086045924804,0.49943588750000006
C&C,0.1983059292476333,0.199,0.1986523583728475,0.50106647
Attack,0.2019268970997219,0.2033,0.20261112218457245,0.4999995525
Benign,0.20002015316404675,0.1985,0.19925717727363984,0.49897953250000004
