Class,Precision,Recall,F1 Score,ROC AUC
Recon,0.19590470565071866,0.199,0.19744022224427027,0.4967800875
Exploitation,0.19959246051961282,0.1959,0.19772899318697956,0.5004518025
C&C,0.19711011459890385,0.1978,0.19745445470426753,0.5013306175
Attack,0.19755661501787844,0.1989,0.19822603149292406,0.49639066750000005
Benign,0.19800483675937122,0.1965,0.1972495482834772,0.49708718500000004
