Class,Precision,Recall,F1 Score,ROC AUC
Recon,0.9998998598037252,0.9985,0.9991994396077254,0.9999986487499999
Exploitation,0.7705405852206977,0.9322,0.8436962621051679,0.98081469
C&C,0.9066123073002931,0.7116,0.7973555941509328,0.9792295924999999
Attack,0.9899970288204417,0.9996,0.9947753396029259,0.9999445525
Benign,0.9887662988966901,0.9858,0.9872809213820731,0.99984052625
