Class,Precision,Recall,F1 Score,ROC AUC
Recon,0.9996995794111756,0.9983,0.9989992995096567,0.9999967049999998
Exploitation,0.7711885552690676,0.9272,0.8420287880851837,0.9810595637500001
C&C,0.9006297229219143,0.7151,0.7972129319955407,0.9794869374999999
Attack,0.9890164258856126,0.9995,0.9942305779369343,0.99993817125
Benign,0.9882352941176471,0.9828,0.9855101529205315,0.99981942
