accuracy,precision_macro,recall_macro,f1_macro,precision_weighted,recall_weighted,f1_weighted,log_loss,auc_ovr
0.90508,0.9204219548239365,0.9050800000000001,0.9011635242481976,0.9204219548239365,0.90508,0.9011635242481978,0.1975309291759482,0.9838631396249999
