accuracy,precision_macro,recall_macro,f1_macro,precision_weighted,recall_weighted,f1_weighted,log_loss,auc_ovr
0.90061,0.9207398655610254,0.90061,0.8950043939322889,0.9207398655610255,0.90061,0.8950043939322889,0.21207685924057842,0.9830135703749999
