accuracy,precision_macro,recall_macro,f1_macro,precision_weighted,recall_weighted,f1_weighted,log_loss,auc_ovr
0.90517,0.920547264506031,0.90517,0.9012284769764742,0.9205472645060311,0.90517,0.901228476976474,0.19752640801086377,0.9839137503750001
