epoch,accuracy,learning_rate,loss,val_accuracy,val_loss
0,0.9615876078605652,0.0010000000474974513,0.10342660546302795,0.9730167388916016,0.07099504768848419
1,0.9730715751647949,0.0010000000474974513,0.07344760745763779,0.9767271876335144,0.06307096034288406
2,0.9747318029403687,0.0010000000474974513,0.06818361580371857,0.9755370616912842,0.06557726860046387
3,0.9750193357467651,0.0010000000474974513,0.06651297956705093,0.9757971167564392,0.06805768609046936
