epoch,accuracy,learning_rate,loss,val_accuracy,val_loss
0,0.966245710849762,0.0010000000474974513,0.0953301414847374,0.9756770730018616,0.06843934953212738
1,0.9743717312812805,0.0010000000474974513,0.07199564576148987,0.9750770330429077,0.06839591264724731
2,0.9761069416999817,0.0010000000474974513,0.06691546738147736,0.9769072532653809,0.06261826306581497
3,0.9767120480537415,0.0010000000474974513,0.06406344473361969,0.9769372344017029,0.06226770579814911
4,0.9773645997047424,0.0010000000474974513,0.062655970454216,0.9782273769378662,0.057660024613142014
5,0.9773595929145813,0.0010000000474974513,0.06195688992738724,0.9769072532653809,0.05842963233590126
6,0.9773620963096619,0.0010000000474974513,0.06185388192534447,0.9772972464561462,0.05835762619972229
7,0.9778696894645691,0.0010000000474974513,0.06114643067121506,0.9770472645759583,0.05846497789025307
