epoch,accuracy,learning_rate,loss,val_accuracy,val_loss
0,0.6741393804550171,0.0010000000474974513,0.6487451791763306,0.6849112510681152,0.609391987323761
1,0.6811736822128296,0.0010000000474974513,0.6127018928527832,0.6881320476531982,0.6015230417251587
2,0.6828216314315796,0.0010000000474974513,0.6082270741462708,0.689062237739563,0.5987812876701355
3,0.6831666827201843,0.0010000000474974513,0.6089490056037903,0.6831607818603516,0.6126758456230164
4,0.6839368939399719,0.0010000000474974513,0.6070346832275391,0.6857514381408691,0.6081904172897339
