epoch,accuracy,learning_rate,loss,val_accuracy,val_loss
0,0.9852339625358582,0.0010000000474974513,0.05395017936825752,0.9923982620239258,0.03300585597753525
