epoch,accuracy,learning_rate,loss,val_accuracy,val_loss
0,0.9638903737068176,0.0010000000474974513,0.09902939200401306,0.9704664349555969,0.07422476261854172
1,0.9729140400886536,0.0010000000474974513,0.07227814942598343,0.9749370217323303,0.06345974653959274
2,0.974256694316864,0.0010000000474974513,0.06837940216064453,0.972746729850769,0.06922470778226852
3,0.9749943017959595,0.0010000000474974513,0.06653492152690887,0.9736868143081665,0.063524529337883
